date,transaction_id,concept,category,quantity,amount,cost,discount,location,channel,currency,customer_name
2022-01-01,HIST000,Mate,Hogar,3,15000,9000,0,Córdoba,Online,ARS,Cliente sintético 1
2022-01-01,HIST001,Café,Alimentos,6,36000,21600,0,Córdoba,Local,ARS,Cliente sintético 2
2022-01-01,HIST002,Termo,Accesorios,9,63000,37800,0,Córdoba,Online,ARS,Cliente sintético 3
2022-02-01,HIST010,Mate,Hogar,4,20000,12000,0,Córdoba,Online,ARS,Cliente sintético 1
2022-02-01,HIST011,Café,Alimentos,8,48000,28800,0,Córdoba,Local,ARS,Cliente sintético 2
2022-02-01,HIST012,Termo,Accesorios,12,84000,50400,0,Córdoba,Online,ARS,Cliente sintético 3
2022-03-01,HIST020,Mate,Hogar,5,25000,15000,0,Córdoba,Online,ARS,Cliente sintético 1
2022-03-01,HIST021,Café,Alimentos,10,60000,36000,0,Córdoba,Local,ARS,Cliente sintético 2
2022-03-01,HIST022,Termo,Accesorios,15,105000,63000,0,Córdoba,Online,ARS,Cliente sintético 3
2022-04-01,HIST030,Mate,Hogar,6,30000,18000,0,Córdoba,Online,ARS,Cliente sintético 1
2022-04-01,HIST031,Café,Alimentos,12,72000,43200,0,Córdoba,Local,ARS,Cliente sintético 2
2022-04-01,HIST032,Termo,Accesorios,18,126000,75600,0,Córdoba,Online,ARS,Cliente sintético 3
2022-05-01,HIST040,Mate,Hogar,7,35000,21000,0,Córdoba,Online,ARS,Cliente sintético 1
2022-05-01,HIST041,Café,Alimentos,14,84000,50400,0,Córdoba,Local,ARS,Cliente sintético 2
2022-05-01,HIST042,Termo,Accesorios,21,147000,88200,0,Córdoba,Online,ARS,Cliente sintético 3
2022-06-01,HIST050,Mate,Hogar,8,40000,24000,0,Córdoba,Online,ARS,Cliente sintético 1
2022-06-01,HIST051,Café,Alimentos,16,96000,57600,0,Córdoba,Local,ARS,Cliente sintético 2
2022-06-01,HIST052,Termo,Accesorios,24,168000,100800,0,Córdoba,Online,ARS,Cliente sintético 3
2022-07-01,HIST060,Mate,Hogar,9,45000,27000,0,Córdoba,Online,ARS,Cliente sintético 1
2022-07-01,HIST061,Café,Alimentos,18,108000,64800,0,Córdoba,Local,ARS,Cliente sintético 2
2022-07-01,HIST062,Termo,Accesorios,27,189000,113400,0,Córdoba,Online,ARS,Cliente sintético 3
2022-08-01,HIST070,Mate,Hogar,10,50000,30000,0,Córdoba,Online,ARS,Cliente sintético 1
2022-08-01,HIST071,Café,Alimentos,20,120000,72000,0,Córdoba,Local,ARS,Cliente sintético 2
2022-08-01,HIST072,Termo,Accesorios,30,210000,126000,0,Córdoba,Online,ARS,Cliente sintético 3
2022-09-01,HIST080,Mate,Hogar,11,55000,33000,0,Córdoba,Online,ARS,Cliente sintético 1
2022-09-01,HIST081,Café,Alimentos,22,132000,79200,0,Córdoba,Local,ARS,Cliente sintético 2
2022-09-01,HIST082,Termo,Accesorios,33,231000,138600,0,Córdoba,Online,ARS,Cliente sintético 3
2022-10-01,HIST090,Mate,Hogar,12,60000,36000,0,Córdoba,Online,ARS,Cliente sintético 1
2022-10-01,HIST091,Café,Alimentos,24,144000,86400,0,Córdoba,Local,ARS,Cliente sintético 2
2022-10-01,HIST092,Termo,Accesorios,36,252000,151200,0,Córdoba,Online,ARS,Cliente sintético 3
2022-11-01,HIST100,Mate,Hogar,13,65000,39000,0,Córdoba,Online,ARS,Cliente sintético 1
2022-11-01,HIST101,Café,Alimentos,26,156000,93600,0,Córdoba,Local,ARS,Cliente sintético 2
2022-11-01,HIST102,Termo,Accesorios,39,273000,163800,0,Córdoba,Online,ARS,Cliente sintético 3
2022-12-01,HIST110,Mate,Hogar,14,70000,42000,0,Córdoba,Online,ARS,Cliente sintético 1
2022-12-01,HIST111,Café,Alimentos,28,168000,100800,0,Córdoba,Local,ARS,Cliente sintético 2
2022-12-01,HIST112,Termo,Accesorios,42,294000,176400,0,Córdoba,Online,ARS,Cliente sintético 3
2023-01-01,HIST120,Mate,Hogar,3,15000,9000,0,Córdoba,Online,ARS,Cliente sintético 1
2023-01-01,HIST121,Café,Alimentos,6,36000,21600,0,Córdoba,Local,ARS,Cliente sintético 2
2023-01-01,HIST122,Termo,Accesorios,9,63000,37800,0,Córdoba,Online,ARS,Cliente sintético 3
2023-02-01,HIST130,Mate,Hogar,4,20000,12000,0,Córdoba,Online,ARS,Cliente sintético 1
2023-02-01,HIST131,Café,Alimentos,8,48000,28800,0,Córdoba,Local,ARS,Cliente sintético 2
2023-02-01,HIST132,Termo,Accesorios,12,84000,50400,0,Córdoba,Online,ARS,Cliente sintético 3
2023-03-01,HIST140,Mate,Hogar,5,25000,15000,0,Córdoba,Online,ARS,Cliente sintético 1
2023-03-01,HIST141,Café,Alimentos,10,60000,36000,0,Córdoba,Local,ARS,Cliente sintético 2
2023-03-01,HIST142,Termo,Accesorios,15,105000,63000,0,Córdoba,Online,ARS,Cliente sintético 3
2023-04-01,HIST150,Mate,Hogar,6,30000,18000,0,Córdoba,Online,ARS,Cliente sintético 1
2023-04-01,HIST151,Café,Alimentos,12,72000,43200,0,Córdoba,Local,ARS,Cliente sintético 2
2023-04-01,HIST152,Termo,Accesorios,18,126000,75600,0,Córdoba,Online,ARS,Cliente sintético 3
2023-05-01,HIST160,Mate,Hogar,7,35000,21000,0,Córdoba,Online,ARS,Cliente sintético 1
2023-05-01,HIST161,Café,Alimentos,14,84000,50400,0,Córdoba,Local,ARS,Cliente sintético 2
2023-05-01,HIST162,Termo,Accesorios,21,147000,88200,0,Córdoba,Online,ARS,Cliente sintético 3
2023-06-01,HIST170,Mate,Hogar,8,40000,24000,0,Córdoba,Online,ARS,Cliente sintético 1
2023-06-01,HIST171,Café,Alimentos,16,96000,57600,0,Córdoba,Local,ARS,Cliente sintético 2
2023-06-01,HIST172,Termo,Accesorios,24,168000,100800,0,Córdoba,Online,ARS,Cliente sintético 3
2023-07-01,HIST180,Mate,Hogar,9,45000,27000,0,Córdoba,Online,ARS,Cliente sintético 1
2023-07-01,HIST181,Café,Alimentos,18,108000,64800,0,Córdoba,Local,ARS,Cliente sintético 2
2023-07-01,HIST182,Termo,Accesorios,27,189000,113400,0,Córdoba,Online,ARS,Cliente sintético 3
2023-08-01,HIST190,Mate,Hogar,10,50000,30000,0,Córdoba,Online,ARS,Cliente sintético 1
2023-08-01,HIST191,Café,Alimentos,20,120000,72000,0,Córdoba,Local,ARS,Cliente sintético 2
2023-08-01,HIST192,Termo,Accesorios,30,210000,126000,0,Córdoba,Online,ARS,Cliente sintético 3
2023-09-01,HIST200,Mate,Hogar,11,55000,33000,0,Córdoba,Online,ARS,Cliente sintético 1
2023-09-01,HIST201,Café,Alimentos,22,132000,79200,0,Córdoba,Local,ARS,Cliente sintético 2
2023-09-01,HIST202,Termo,Accesorios,33,231000,138600,0,Córdoba,Online,ARS,Cliente sintético 3
2023-10-01,HIST210,Mate,Hogar,12,60000,36000,0,Córdoba,Online,ARS,Cliente sintético 1
2023-10-01,HIST211,Café,Alimentos,24,144000,86400,0,Córdoba,Local,ARS,Cliente sintético 2
2023-10-01,HIST212,Termo,Accesorios,36,252000,151200,0,Córdoba,Online,ARS,Cliente sintético 3
2023-11-01,HIST220,Mate,Hogar,13,65000,39000,0,Córdoba,Online,ARS,Cliente sintético 1
2023-11-01,HIST221,Café,Alimentos,26,156000,93600,0,Córdoba,Local,ARS,Cliente sintético 2
2023-11-01,HIST222,Termo,Accesorios,39,273000,163800,0,Córdoba,Online,ARS,Cliente sintético 3
2023-12-01,HIST230,Mate,Hogar,14,70000,42000,0,Córdoba,Online,ARS,Cliente sintético 1
2023-12-01,HIST231,Café,Alimentos,28,168000,100800,0,Córdoba,Local,ARS,Cliente sintético 2
2023-12-01,HIST232,Termo,Accesorios,42,294000,176400,0,Córdoba,Online,ARS,Cliente sintético 3
2024-01-01,HIST240,Mate,Hogar,3,15000,9000,0,Córdoba,Online,ARS,Cliente sintético 1
2024-01-01,HIST241,Café,Alimentos,6,36000,21600,0,Córdoba,Local,ARS,Cliente sintético 2
2024-01-01,HIST242,Termo,Accesorios,9,63000,37800,0,Córdoba,Online,ARS,Cliente sintético 3
2024-02-01,HIST250,Mate,Hogar,4,20000,12000,0,Córdoba,Online,ARS,Cliente sintético 1
2024-02-01,HIST251,Café,Alimentos,8,48000,28800,0,Córdoba,Local,ARS,Cliente sintético 2
2024-02-01,HIST252,Termo,Accesorios,12,84000,50400,0,Córdoba,Online,ARS,Cliente sintético 3
2024-03-01,HIST260,Mate,Hogar,5,25000,15000,0,Córdoba,Online,ARS,Cliente sintético 1
2024-03-01,HIST261,Café,Alimentos,10,60000,36000,0,Córdoba,Local,ARS,Cliente sintético 2
2024-03-01,HIST262,Termo,Accesorios,15,105000,63000,0,Córdoba,Online,ARS,Cliente sintético 3
2024-04-01,HIST270,Mate,Hogar,6,30000,18000,0,Córdoba,Online,ARS,Cliente sintético 1
2024-04-01,HIST271,Café,Alimentos,12,72000,43200,0,Córdoba,Local,ARS,Cliente sintético 2
2024-04-01,HIST272,Termo,Accesorios,18,126000,75600,0,Córdoba,Online,ARS,Cliente sintético 3
2024-05-01,HIST280,Mate,Hogar,7,35000,21000,0,Córdoba,Online,ARS,Cliente sintético 1
2024-05-01,HIST281,Café,Alimentos,14,84000,50400,0,Córdoba,Local,ARS,Cliente sintético 2
2024-05-01,HIST282,Termo,Accesorios,21,147000,88200,0,Córdoba,Online,ARS,Cliente sintético 3
2024-06-01,HIST290,Mate,Hogar,8,40000,24000,0,Córdoba,Online,ARS,Cliente sintético 1
2024-06-01,HIST291,Café,Alimentos,16,96000,57600,0,Córdoba,Local,ARS,Cliente sintético 2
2024-06-01,HIST292,Termo,Accesorios,24,168000,100800,0,Córdoba,Online,ARS,Cliente sintético 3
2024-07-01,HIST300,Mate,Hogar,9,45000,27000,0,Córdoba,Online,ARS,Cliente sintético 1
2024-07-01,HIST301,Café,Alimentos,18,108000,64800,0,Córdoba,Local,ARS,Cliente sintético 2
2024-07-01,HIST302,Termo,Accesorios,27,189000,113400,0,Córdoba,Online,ARS,Cliente sintético 3
2024-08-01,HIST310,Mate,Hogar,10,50000,30000,0,Córdoba,Online,ARS,Cliente sintético 1
2024-08-01,HIST311,Café,Alimentos,20,120000,72000,0,Córdoba,Local,ARS,Cliente sintético 2
2024-08-01,HIST312,Termo,Accesorios,30,210000,126000,0,Córdoba,Online,ARS,Cliente sintético 3
2024-09-01,HIST320,Mate,Hogar,11,55000,33000,0,Córdoba,Online,ARS,Cliente sintético 1
2024-09-01,HIST321,Café,Alimentos,22,132000,79200,0,Córdoba,Local,ARS,Cliente sintético 2
2024-09-01,HIST322,Termo,Accesorios,33,231000,138600,0,Córdoba,Online,ARS,Cliente sintético 3
2024-10-01,HIST330,Mate,Hogar,12,60000,36000,0,Córdoba,Online,ARS,Cliente sintético 1
2024-10-01,HIST331,Café,Alimentos,24,144000,86400,0,Córdoba,Local,ARS,Cliente sintético 2
2024-10-01,HIST332,Termo,Accesorios,36,252000,151200,0,Córdoba,Online,ARS,Cliente sintético 3
2024-11-01,HIST340,Mate,Hogar,13,65000,39000,0,Córdoba,Online,ARS,Cliente sintético 1
2024-11-01,HIST341,Café,Alimentos,26,156000,93600,0,Córdoba,Local,ARS,Cliente sintético 2
2024-11-01,HIST342,Termo,Accesorios,39,273000,163800,0,Córdoba,Online,ARS,Cliente sintético 3
2024-12-01,HIST350,Mate,Hogar,14,70000,42000,0,Córdoba,Online,ARS,Cliente sintético 1
2024-12-01,HIST351,Café,Alimentos,28,168000,100800,0,Córdoba,Local,ARS,Cliente sintético 2
2024-12-01,HIST352,Termo,Accesorios,42,294000,176400,0,Córdoba,Online,ARS,Cliente sintético 3
